-- MySQL dump 10.13  Distrib 8.2.0, for macos12.6 (x86_64)
--
-- Host: localhost    Database: little_lemon_db
-- ------------------------------------------------------
-- Server version	8.0.18

/*!40101 SET @OLD_CHARACTER_SET_CLIENT=@@CHARACTER_SET_CLIENT */;
/*!40101 SET @OLD_CHARACTER_SET_RESULTS=@@CHARACTER_SET_RESULTS */;
/*!40101 SET @OLD_COLLATION_CONNECTION=@@COLLATION_CONNECTION */;
/*!50503 SET NAMES utf8mb4 */;
/*!40103 SET @OLD_TIME_ZONE=@@TIME_ZONE */;
/*!40103 SET TIME_ZONE='+00:00' */;
/*!40014 SET @OLD_UNIQUE_CHECKS=@@UNIQUE_CHECKS, UNIQUE_CHECKS=0 */;
/*!40014 SET @OLD_FOREIGN_KEY_CHECKS=@@FOREIGN_KEY_CHECKS, FOREIGN_KEY_CHECKS=0 */;
/*!40101 SET @OLD_SQL_MODE=@@SQL_MODE, SQL_MODE='NO_AUTO_VALUE_ON_ZERO' */;
/*!40111 SET @OLD_SQL_NOTES=@@SQL_NOTES, SQL_NOTES=0 */;

--
-- Table structure for table `Bookings`
--

DROP TABLE IF EXISTS `Bookings`;
/*!40101 SET @saved_cs_client     = @@character_set_client */;
/*!50503 SET character_set_client = utf8mb4 */;
CREATE TABLE `Bookings` (
  `BookingID` int(11) NOT NULL AUTO_INCREMENT,
  `TableNo` int(11) DEFAULT NULL,
  `BookingSlot` time NOT NULL,
  `EmployeeID` int(11) DEFAULT NULL,
  `CustomerID` int(11) DEFAULT NULL,
  PRIMARY KEY (`BookingID`),
  KEY `CustomerID` (`CustomerID`),
  KEY `EmployeeID` (`EmployeeID`),
  CONSTRAINT `bookings_ibfk_1` FOREIGN KEY (`CustomerID`) REFERENCES `customers` (`CustomerID`),
  CONSTRAINT `bookings_ibfk_2` FOREIGN KEY (`EmployeeID`) REFERENCES `employees` (`EmployeeID`)
) ENGINE=InnoDB AUTO_INCREMENT=12 DEFAULT CHARSET=utf8mb4 COLLATE=utf8mb4_0900_ai_ci;
/*!40101 SET character_set_client = @saved_cs_client */;

--
-- Dumping data for table `Bookings`
--

LOCK TABLES `Bookings` WRITE;
/*!40000 ALTER TABLE `Bookings` DISABLE KEYS */;
INSERT INTO `Bookings` VALUES (1,12,'19:00:00',1,1),(2,12,'19:00:00',1,3),(3,19,'15:00:00',3,2),(4,15,'17:30:00',4,1),(5,5,'18:30:00',2,NULL),(6,8,'20:00:00',5,NULL),(7,8,'18:00:00',6,NULL),(8,5,'19:00:00',6,NULL),(9,12,'19:30:00',6,NULL),(10,6,'19:00:00',NULL,NULL);
/*!40000 ALTER TABLE `Bookings` ENABLE KEYS */;
UNLOCK TABLES;

--
-- Table structure for table `Customers`
--

DROP TABLE IF EXISTS `Customers`;
/*!40101 SET @saved_cs_client     = @@character_set_client */;
/*!50503 SET character_set_client = utf8mb4 */;
CREATE TABLE `Customers` (
  `CustomerID` int(11) NOT NULL AUTO_INCREMENT,
  `FirstName` varchar(255) DEFAULT NULL,
  `LastName` varchar(255) DEFAULT NULL,
  PRIMARY KEY (`CustomerID`)
) ENGINE=InnoDB AUTO_INCREMENT=5 DEFAULT CHARSET=utf8mb4 COLLATE=utf8mb4_0900_ai_ci;
/*!40101 SET character_set_client = @saved_cs_client */;

--
-- Dumping data for table `Customers`
--

LOCK TABLES `Customers` WRITE;
/*!40000 ALTER TABLE `Customers` DISABLE KEYS */;
INSERT INTO `Customers` VALUES (1,'Joe','Shmoe'),(2,'Al','Pal'),(3,'Craig','Jones'),(4,'Big','Bertha');
/*!40000 ALTER TABLE `Customers` ENABLE KEYS */;
UNLOCK TABLES;

--
-- Table structure for table `Employees`
--

DROP TABLE IF EXISTS `Employees`;
/*!40101 SET @saved_cs_client     = @@character_set_client */;
/*!50503 SET character_set_client = utf8mb4 */;
CREATE TABLE `Employees` (
  `EmployeeID` int(11) NOT NULL AUTO_INCREMENT,
  `Name` varchar(255) DEFAULT NULL,
  `Role` varchar(100) DEFAULT NULL,
  `Address` varchar(255) DEFAULT NULL,
  `Contact_Number` int(11) DEFAULT NULL,
  `Email` varchar(255) DEFAULT NULL,
  `Annual_Salary` varchar(100) DEFAULT NULL,
  PRIMARY KEY (`EmployeeID`)
) ENGINE=InnoDB AUTO_INCREMENT=7 DEFAULT CHARSET=utf8mb4 COLLATE=utf8mb4_0900_ai_ci;
/*!40101 SET character_set_client = @saved_cs_client */;

--
-- Dumping data for table `Employees`
--

LOCK TABLES `Employees` WRITE;
/*!40000 ALTER TABLE `Employees` DISABLE KEYS */;
INSERT INTO `Employees` VALUES (1,'Mario Gollini','Manager','724, Parsley Lane, Old Town, Chicago, IL',351258074,'Mario.g@littlelemon.com','$70,000'),(2,'Adrian Gollini','Assistant Manager','334, Dill Square, Lincoln Park, Chicago, IL',351474048,'Adrian.g@littlelemon.com','$65,000'),(3,'Giorgos Dioudis','Head Chef','879 Sage Street, West Loop, Chicago, IL',351970582,'Giorgos.d@littlelemon.com','$50,000'),(4,'Fatma Kaya','Assistant Chef','132  Bay Lane, Chicago, IL',351963569,'Fatma.k@littlelemon.com','$45,000'),(5,'Elena Salvai','Head Waiter','989 Thyme Square, EdgeWater, Chicago, IL',351074198,'Elena.s@littlelemon.com','$40,000'),(6,'John Millar','Receptionist','245 Dill Square, Lincoln Park, Chicago, IL',351584508,'John.m@littlelemon.com','$35,000');
/*!40000 ALTER TABLE `Employees` ENABLE KEYS */;
UNLOCK TABLES;

--
-- Table structure for table `MenuItems`
--

DROP TABLE IF EXISTS `MenuItems`;
/*!40101 SET @saved_cs_client     = @@character_set_client */;
/*!50503 SET character_set_client = utf8mb4 */;
CREATE TABLE `MenuItems` (
  `ItemID` int(11) NOT NULL AUTO_INCREMENT,
  `Name` varchar(200) DEFAULT NULL,
  `Type` varchar(100) DEFAULT NULL,
  `Price` int(11) DEFAULT NULL,
  PRIMARY KEY (`ItemID`)
) ENGINE=InnoDB AUTO_INCREMENT=18 DEFAULT CHARSET=utf8mb4 COLLATE=utf8mb4_0900_ai_ci;
/*!40101 SET character_set_client = @saved_cs_client */;

--
-- Dumping data for table `MenuItems`
--

LOCK TABLES `MenuItems` WRITE;
/*!40000 ALTER TABLE `MenuItems` DISABLE KEYS */;
INSERT INTO `MenuItems` VALUES (1,'Olives','Starters',5),(2,'Flatbread','Starters',5),(3,'Minestrone','Starters',8),(4,'Tomato bread','Starters',8),(5,'Falafel','Starters',7),(6,'Hummus','Starters',5),(7,'Greek salad','Main Courses',15),(8,'Bean soup','Main Courses',12),(9,'Pizza','Main Courses',15),(10,'Greek yoghurt','Desserts',7),(11,'Ice cream','Desserts',6),(12,'Cheesecake','Desserts',4),(13,'Athens White wine','Drinks',25),(14,'Corfu Red Wine','Drinks',30),(15,'Turkish Coffee','Drinks',10),(16,'Turkish Coffee','Drinks',10),(17,'Kabasa','Main Courses',17);
/*!40000 ALTER TABLE `MenuItems` ENABLE KEYS */;
UNLOCK TABLES;

--
-- Table structure for table `Menus`
--

DROP TABLE IF EXISTS `Menus`;
/*!40101 SET @saved_cs_client     = @@character_set_client */;
/*!50503 SET character_set_client = utf8mb4 */;
CREATE TABLE `Menus` (
  `MenuID` int(11) NOT NULL,
  `ItemID` int(11) NOT NULL,
  `Cuisine` varchar(100) DEFAULT NULL,
  PRIMARY KEY (`MenuID`,`ItemID`),
  KEY `ItemID` (`ItemID`),
  CONSTRAINT `menus_ibfk_1` FOREIGN KEY (`ItemID`) REFERENCES `menuitems` (`ItemID`)
) ENGINE=InnoDB DEFAULT CHARSET=utf8mb4 COLLATE=utf8mb4_0900_ai_ci;
/*!40101 SET character_set_client = @saved_cs_client */;

--
-- Dumping data for table `Menus`
--

LOCK TABLES `Menus` WRITE;
/*!40000 ALTER TABLE `Menus` DISABLE KEYS */;
INSERT INTO `Menus` VALUES (1,1,'Greek'),(1,7,'Greek'),(1,10,'Greek'),(1,13,'Greek'),(2,3,'Italian'),(2,9,'Italian'),(2,12,'Italian'),(2,15,'Italian'),(3,5,'Turkish'),(3,11,'Turkish'),(3,16,'Turkish'),(3,17,'Turkish');
/*!40000 ALTER TABLE `Menus` ENABLE KEYS */;
UNLOCK TABLES;

--
-- Table structure for table `Orders`
--

DROP TABLE IF EXISTS `Orders`;
/*!40101 SET @saved_cs_client     = @@character_set_client */;
/*!50503 SET character_set_client = utf8mb4 */;
CREATE TABLE `Orders` (
  `OrderID` int(11) NOT NULL,
  `TableNo` int(11) NOT NULL,
  `MenuID` int(11) DEFAULT NULL,
  `BookingID` int(11) DEFAULT NULL,
  `BillAmount` int(11) DEFAULT NULL,
  `Quantity` int(11) DEFAULT NULL,
  `OrderStatus` varchar(255) DEFAULT NULL,
  PRIMARY KEY (`OrderID`),
  KEY `MenuID` (`MenuID`),
  KEY `BookingID` (`BookingID`),
  CONSTRAINT `orders_ibfk_1` FOREIGN KEY (`MenuID`) REFERENCES `menus` (`MenuID`),
  CONSTRAINT `orders_ibfk_2` FOREIGN KEY (`BookingID`) REFERENCES `bookings` (`BookingID`)
) ENGINE=InnoDB DEFAULT CHARSET=utf8mb4 COLLATE=utf8mb4_0900_ai_ci;
/*!40101 SET character_set_client = @saved_cs_client */;

--
-- Dumping data for table `Orders`
--

LOCK TABLES `Orders` WRITE;
/*!40000 ALTER TABLE `Orders` DISABLE KEYS */;
INSERT INTO `Orders` VALUES (1,12,1,1,86,2,NULL),(2,19,2,2,37,1,NULL),(3,15,2,3,37,1,NULL),(4,5,3,4,40,1,NULL),(5,8,1,5,43,1,NULL);
/*!40000 ALTER TABLE `Orders` ENABLE KEYS */;
UNLOCK TABLES;

--
-- Temporary view structure for view `ordersview`
--

DROP TABLE IF EXISTS `ordersview`;
/*!50001 DROP VIEW IF EXISTS `ordersview`*/;
SET @saved_cs_client     = @@character_set_client;
/*!50503 SET character_set_client = utf8mb4 */;
/*!50001 CREATE VIEW `ordersview` AS SELECT 
 1 AS `OrderID`,
 1 AS `Quantity`,
 1 AS `BillAmount`*/;
SET character_set_client = @saved_cs_client;

--
-- Dumping routines for database 'little_lemon_db'
--
/*!50003 DROP PROCEDURE IF EXISTS `AddBooking` */;
/*!50003 SET @saved_cs_client      = @@character_set_client */ ;
/*!50003 SET @saved_cs_results     = @@character_set_results */ ;
/*!50003 SET @saved_col_connection = @@collation_connection */ ;
/*!50003 SET character_set_client  = utf8mb4 */ ;
/*!50003 SET character_set_results = utf8mb4 */ ;
/*!50003 SET collation_connection  = utf8mb4_0900_ai_ci */ ;
/*!50003 SET @saved_sql_mode       = @@sql_mode */ ;
/*!50003 SET sql_mode              = 'ONLY_FULL_GROUP_BY,STRICT_TRANS_TABLES,NO_ZERO_IN_DATE,NO_ZERO_DATE,ERROR_FOR_DIVISION_BY_ZERO,NO_ENGINE_SUBSTITUTION' */ ;
DELIMITER ;;
CREATE DEFINER=`admin1`@`%` PROCEDURE `AddBooking`(
	IN customer_id INT,
	IN booking_slot TIME,
	IN table_no INT
)
BEGIN
	INSERT INTO Bookings (CustomerID, BookingSlot, TableNo)
	VALUES (customer_id, booking_slot, table_no);
	SELECT 'New booking added' AS Confirmation;
END ;;
DELIMITER ;
/*!50003 SET sql_mode              = @saved_sql_mode */ ;
/*!50003 SET character_set_client  = @saved_cs_client */ ;
/*!50003 SET character_set_results = @saved_cs_results */ ;
/*!50003 SET collation_connection  = @saved_col_connection */ ;
/*!50003 DROP PROCEDURE IF EXISTS `AddValidBooking` */;
/*!50003 SET @saved_cs_client      = @@character_set_client */ ;
/*!50003 SET @saved_cs_results     = @@character_set_results */ ;
/*!50003 SET @saved_col_connection = @@collation_connection */ ;
/*!50003 SET character_set_client  = utf8mb4 */ ;
/*!50003 SET character_set_results = utf8mb4 */ ;
/*!50003 SET collation_connection  = utf8mb4_0900_ai_ci */ ;
/*!50003 SET @saved_sql_mode       = @@sql_mode */ ;
/*!50003 SET sql_mode              = 'ONLY_FULL_GROUP_BY,STRICT_TRANS_TABLES,NO_ZERO_IN_DATE,NO_ZERO_DATE,ERROR_FOR_DIVISION_BY_ZERO,NO_ENGINE_SUBSTITUTION' */ ;
DELIMITER ;;
CREATE DEFINER=`admin1`@`%` PROCEDURE `AddValidBooking`(
    IN booking_slot TIME,
    IN table_no INT
)
BEGIN
    -- Declare a variable to check if the table is already booked
    DECLARE tableAlreadyBooked INT DEFAULT 0;

    -- Start the transaction
    START TRANSACTION;

    -- Check if the table is already booked on the given date
    SELECT COUNT(*) INTO tableAlreadyBooked
    FROM Bookings
    WHERE BookingSlot = booking_slot AND TableNo = table_no;

    -- If the table is not already booked, proceed to insert the new booking
    IF tableAlreadyBooked = 0 THEN
        -- Insert the new booking record
        INSERT INTO Bookings (BookingSlot, TableNo)
        VALUES (booking_slot, table_no);

        -- Commit the transaction if the booking is valid
        COMMIT;
        SELECT 'Booking added successfully' AS Result;
    ELSE
        -- Rollback the transaction if the table is already booked
        ROLLBACK;
        SELECT 'Table is already booked. Booking declined.' AS Result;
    END IF;
END ;;
DELIMITER ;
/*!50003 SET sql_mode              = @saved_sql_mode */ ;
/*!50003 SET character_set_client  = @saved_cs_client */ ;
/*!50003 SET character_set_results = @saved_cs_results */ ;
/*!50003 SET collation_connection  = @saved_col_connection */ ;
/*!50003 DROP PROCEDURE IF EXISTS `BasicSalesReport` */;
/*!50003 SET @saved_cs_client      = @@character_set_client */ ;
/*!50003 SET @saved_cs_results     = @@character_set_results */ ;
/*!50003 SET @saved_col_connection = @@collation_connection */ ;
/*!50003 SET character_set_client  = utf8mb4 */ ;
/*!50003 SET character_set_results = utf8mb4 */ ;
/*!50003 SET collation_connection  = utf8mb4_0900_ai_ci */ ;
/*!50003 SET @saved_sql_mode       = @@sql_mode */ ;
/*!50003 SET sql_mode              = 'ONLY_FULL_GROUP_BY,STRICT_TRANS_TABLES,NO_ZERO_IN_DATE,NO_ZERO_DATE,ERROR_FOR_DIVISION_BY_ZERO,NO_ENGINE_SUBSTITUTION' */ ;
DELIMITER ;;
CREATE DEFINER=`root`@`localhost` PROCEDURE `BasicSalesReport`()
BEGIN
    SELECT 
        SUM(BillAmount) AS TotalSales,
        AVG(BillAmount) AS AverageSale,
        MIN(BillAmount) AS MinBillPaid,
        MAX(BillAmount) AS MaxBillPaid
    FROM Orders;
END ;;
DELIMITER ;
/*!50003 SET sql_mode              = @saved_sql_mode */ ;
/*!50003 SET character_set_client  = @saved_cs_client */ ;
/*!50003 SET character_set_results = @saved_cs_results */ ;
/*!50003 SET collation_connection  = @saved_col_connection */ ;
/*!50003 DROP PROCEDURE IF EXISTS `CancelBooking` */;
/*!50003 SET @saved_cs_client      = @@character_set_client */ ;
/*!50003 SET @saved_cs_results     = @@character_set_results */ ;
/*!50003 SET @saved_col_connection = @@collation_connection */ ;
/*!50003 SET character_set_client  = utf8mb4 */ ;
/*!50003 SET character_set_results = utf8mb4 */ ;
/*!50003 SET collation_connection  = utf8mb4_0900_ai_ci */ ;
/*!50003 SET @saved_sql_mode       = @@sql_mode */ ;
/*!50003 SET sql_mode              = 'ONLY_FULL_GROUP_BY,STRICT_TRANS_TABLES,NO_ZERO_IN_DATE,NO_ZERO_DATE,ERROR_FOR_DIVISION_BY_ZERO,NO_ENGINE_SUBSTITUTION' */ ;
DELIMITER ;;
CREATE DEFINER=`admin1`@`%` PROCEDURE `CancelBooking`(
	IN booking_id INT
)
BEGIN
	DELETE FROM Bookings WHERE BookingID = booking_id;
	SELECT CONCAT('Booking ', booking_id,  ' cancelled') AS Confirmation;
END ;;
DELIMITER ;
/*!50003 SET sql_mode              = @saved_sql_mode */ ;
/*!50003 SET character_set_client  = @saved_cs_client */ ;
/*!50003 SET character_set_results = @saved_cs_results */ ;
/*!50003 SET collation_connection  = @saved_col_connection */ ;
/*!50003 DROP PROCEDURE IF EXISTS `CancelOrder` */;
/*!50003 SET @saved_cs_client      = @@character_set_client */ ;
/*!50003 SET @saved_cs_results     = @@character_set_results */ ;
/*!50003 SET @saved_col_connection = @@collation_connection */ ;
/*!50003 SET character_set_client  = utf8mb4 */ ;
/*!50003 SET character_set_results = utf8mb4 */ ;
/*!50003 SET collation_connection  = utf8mb4_0900_ai_ci */ ;
/*!50003 SET @saved_sql_mode       = @@sql_mode */ ;
/*!50003 SET sql_mode              = 'ONLY_FULL_GROUP_BY,STRICT_TRANS_TABLES,NO_ZERO_IN_DATE,NO_ZERO_DATE,ERROR_FOR_DIVISION_BY_ZERO,NO_ENGINE_SUBSTITUTION' */ ;
DELIMITER ;;
CREATE DEFINER=`admin1`@`%` PROCEDURE `CancelOrder`(IN order_id INT)
DELETE FROM Orders WHERE OrderID = order_id ;;
DELIMITER ;
/*!50003 SET sql_mode              = @saved_sql_mode */ ;
/*!50003 SET character_set_client  = @saved_cs_client */ ;
/*!50003 SET character_set_results = @saved_cs_results */ ;
/*!50003 SET collation_connection  = @saved_col_connection */ ;
/*!50003 DROP PROCEDURE IF EXISTS `CheckBooking` */;
/*!50003 SET @saved_cs_client      = @@character_set_client */ ;
/*!50003 SET @saved_cs_results     = @@character_set_results */ ;
/*!50003 SET @saved_col_connection = @@collation_connection */ ;
/*!50003 SET character_set_client  = utf8mb4 */ ;
/*!50003 SET character_set_results = utf8mb4 */ ;
/*!50003 SET collation_connection  = utf8mb4_0900_ai_ci */ ;
/*!50003 SET @saved_sql_mode       = @@sql_mode */ ;
/*!50003 SET sql_mode              = 'ONLY_FULL_GROUP_BY,STRICT_TRANS_TABLES,NO_ZERO_IN_DATE,NO_ZERO_DATE,ERROR_FOR_DIVISION_BY_ZERO,NO_ENGINE_SUBSTITUTION' */ ;
DELIMITER ;;
CREATE DEFINER=`admin1`@`%` PROCEDURE `CheckBooking`(
    IN booking_slot TIME,
    IN table_no INT,
    OUT BookingStatus VARCHAR(255) -- Declare BookingStatus as OUT parameter
)
BEGIN
    -- Initialize BookingStatus
    SET BookingStatus = 'Table is available';

    -- Check if there is a matching record in the Bookings table
    IF EXISTS (
        SELECT 1
        FROM Bookings
        WHERE BookingSlot = booking_slot AND TableNo = table_no
    ) THEN
        SET BookingStatus = 'Table is already booked';
    END IF;
END ;;
DELIMITER ;
/*!50003 SET sql_mode              = @saved_sql_mode */ ;
/*!50003 SET character_set_client  = @saved_cs_client */ ;
/*!50003 SET character_set_results = @saved_cs_results */ ;
/*!50003 SET collation_connection  = @saved_col_connection */ ;
/*!50003 DROP PROCEDURE IF EXISTS `GetMaxQuantity` */;
/*!50003 SET @saved_cs_client      = @@character_set_client */ ;
/*!50003 SET @saved_cs_results     = @@character_set_results */ ;
/*!50003 SET @saved_col_connection = @@collation_connection */ ;
/*!50003 SET character_set_client  = utf8mb4 */ ;
/*!50003 SET character_set_results = utf8mb4 */ ;
/*!50003 SET collation_connection  = utf8mb4_0900_ai_ci */ ;
/*!50003 SET @saved_sql_mode       = @@sql_mode */ ;
/*!50003 SET sql_mode              = 'ONLY_FULL_GROUP_BY,STRICT_TRANS_TABLES,NO_ZERO_IN_DATE,NO_ZERO_DATE,ERROR_FOR_DIVISION_BY_ZERO,NO_ENGINE_SUBSTITUTION' */ ;
DELIMITER ;;
CREATE DEFINER=`admin1`@`%` PROCEDURE `GetMaxQuantity`()
SELECT Quantity AS MaxQuantity
FROM Orders
ORDER BY Quantity DESC 
LIMIT 1 ;;
DELIMITER ;
/*!50003 SET sql_mode              = @saved_sql_mode */ ;
/*!50003 SET character_set_client  = @saved_cs_client */ ;
/*!50003 SET character_set_results = @saved_cs_results */ ;
/*!50003 SET collation_connection  = @saved_col_connection */ ;
/*!50003 DROP PROCEDURE IF EXISTS `GuestStatus` */;
/*!50003 SET @saved_cs_client      = @@character_set_client */ ;
/*!50003 SET @saved_cs_results     = @@character_set_results */ ;
/*!50003 SET @saved_col_connection = @@collation_connection */ ;
/*!50003 SET character_set_client  = utf8mb4 */ ;
/*!50003 SET character_set_results = utf8mb4 */ ;
/*!50003 SET collation_connection  = utf8mb4_0900_ai_ci */ ;
/*!50003 SET @saved_sql_mode       = @@sql_mode */ ;
/*!50003 SET sql_mode              = 'ONLY_FULL_GROUP_BY,STRICT_TRANS_TABLES,NO_ZERO_IN_DATE,NO_ZERO_DATE,ERROR_FOR_DIVISION_BY_ZERO,NO_ENGINE_SUBSTITUTION' */ ;
DELIMITER ;;
CREATE DEFINER=`root`@`localhost` PROCEDURE `GuestStatus`()
BEGIN
    SELECT 
        CONCAT(Bookings.GuestFirstName, " ", Bookings.GuestLastName), 
        CASE 
            WHEN Employees.Role IN ('Manager', 'Assistant Manager') THEN 'Ready to pay'
            WHEN Employees.Role = 'Head Chef' THEN 'Ready to serve'
            WHEN Employees.Role = 'Assistant Chef' THEN 'Preparing Order'
            WHEN Employees.Role = 'Head Waiter' THEN 'Order served'
            ELSE 'Status undefined'
        END AS GuestOrderStatus
    FROM Bookings
    LEFT JOIN Employees ON Bookings.EmployeeID = Employees.EmployeeID;
END ;;
DELIMITER ;
/*!50003 SET sql_mode              = @saved_sql_mode */ ;
/*!50003 SET character_set_client  = @saved_cs_client */ ;
/*!50003 SET character_set_results = @saved_cs_results */ ;
/*!50003 SET collation_connection  = @saved_col_connection */ ;
/*!50003 DROP PROCEDURE IF EXISTS `PeakHours` */;
/*!50003 SET @saved_cs_client      = @@character_set_client */ ;
/*!50003 SET @saved_cs_results     = @@character_set_results */ ;
/*!50003 SET @saved_col_connection = @@collation_connection */ ;
/*!50003 SET character_set_client  = utf8mb4 */ ;
/*!50003 SET character_set_results = utf8mb4 */ ;
/*!50003 SET collation_connection  = utf8mb4_0900_ai_ci */ ;
/*!50003 SET @saved_sql_mode       = @@sql_mode */ ;
/*!50003 SET sql_mode              = 'ONLY_FULL_GROUP_BY,STRICT_TRANS_TABLES,NO_ZERO_IN_DATE,NO_ZERO_DATE,ERROR_FOR_DIVISION_BY_ZERO,NO_ENGINE_SUBSTITUTION' */ ;
DELIMITER ;;
CREATE DEFINER=`root`@`localhost` PROCEDURE `PeakHours`()
BEGIN
    SELECT HOUR(BookingSlot), COUNT(HOUR(BookingSlot))
    FROM Bookings
    GROUP BY HOUR(BookingSlot)
    ORDER BY COUNT(HOUR(BookingSlot)) DESC;
END ;;
DELIMITER ;
/*!50003 SET sql_mode              = @saved_sql_mode */ ;
/*!50003 SET character_set_client  = @saved_cs_client */ ;
/*!50003 SET character_set_results = @saved_cs_results */ ;
/*!50003 SET collation_connection  = @saved_col_connection */ ;
/*!50003 DROP PROCEDURE IF EXISTS `UpdateBooking` */;
/*!50003 SET @saved_cs_client      = @@character_set_client */ ;
/*!50003 SET @saved_cs_results     = @@character_set_results */ ;
/*!50003 SET @saved_col_connection = @@collation_connection */ ;
/*!50003 SET character_set_client  = utf8mb4 */ ;
/*!50003 SET character_set_results = utf8mb4 */ ;
/*!50003 SET collation_connection  = utf8mb4_0900_ai_ci */ ;
/*!50003 SET @saved_sql_mode       = @@sql_mode */ ;
/*!50003 SET sql_mode              = 'ONLY_FULL_GROUP_BY,STRICT_TRANS_TABLES,NO_ZERO_IN_DATE,NO_ZERO_DATE,ERROR_FOR_DIVISION_BY_ZERO,NO_ENGINE_SUBSTITUTION' */ ;
DELIMITER ;;
CREATE DEFINER=`admin1`@`%` PROCEDURE `UpdateBooking`(
	IN booking_id INT,
	IN booking_slot TIME
)
BEGIN
	UPDATE Bookings
	SET BookingSlot = booking_slot
	WHERE BookingID = booking_id;
	SELECT CONCAT('Booking ', booking_id, ' updated') AS Confirmation;
END ;;
DELIMITER ;
/*!50003 SET sql_mode              = @saved_sql_mode */ ;
/*!50003 SET character_set_client  = @saved_cs_client */ ;
/*!50003 SET character_set_results = @saved_cs_results */ ;
/*!50003 SET collation_connection  = @saved_col_connection */ ;

--
-- Final view structure for view `ordersview`
--

/*!50001 DROP VIEW IF EXISTS `ordersview`*/;
/*!50001 SET @saved_cs_client          = @@character_set_client */;
/*!50001 SET @saved_cs_results         = @@character_set_results */;
/*!50001 SET @saved_col_connection     = @@collation_connection */;
/*!50001 SET character_set_client      = utf8mb4 */;
/*!50001 SET character_set_results     = utf8mb4 */;
/*!50001 SET collation_connection      = utf8mb4_0900_ai_ci */;
/*!50001 CREATE ALGORITHM=UNDEFINED */
/*!50013 DEFINER=`admin1`@`%` SQL SECURITY DEFINER */
/*!50001 VIEW `ordersview` AS select `orders`.`OrderID` AS `OrderID`,`orders`.`Quantity` AS `Quantity`,`orders`.`BillAmount` AS `BillAmount` from `orders` */;
/*!50001 SET character_set_client      = @saved_cs_client */;
/*!50001 SET character_set_results     = @saved_cs_results */;
/*!50001 SET collation_connection      = @saved_col_connection */;
/*!40103 SET TIME_ZONE=@OLD_TIME_ZONE */;

/*!40101 SET SQL_MODE=@OLD_SQL_MODE */;
/*!40014 SET FOREIGN_KEY_CHECKS=@OLD_FOREIGN_KEY_CHECKS */;
/*!40014 SET UNIQUE_CHECKS=@OLD_UNIQUE_CHECKS */;
/*!40101 SET CHARACTER_SET_CLIENT=@OLD_CHARACTER_SET_CLIENT */;
/*!40101 SET CHARACTER_SET_RESULTS=@OLD_CHARACTER_SET_RESULTS */;
/*!40101 SET COLLATION_CONNECTION=@OLD_COLLATION_CONNECTION */;
/*!40111 SET SQL_NOTES=@OLD_SQL_NOTES */;

-- Dump completed on 2024-01-24 17:02:23
